split,policy,budget_req_per_sec,deadline_s,n_runs,timely_detections,eventual_detections,missed_episodes,mean_detection_delay_s,raw_false_warnings,grouped_false_alerts,false_alerts_per_hr,total_requests,actual_request_rate_pct,actual_req_per_sec,late_replies,late_reply_pct
dev,cloud_confirm,1.0,0.1,2,0.0,0.5,0.0,3.207908067703245,0.0,0.0,0.0,211.0,0.046136833584804804,1.033385766927137,53.0,13.520408163265307
dev,cloud_confirm,1.0,0.15,2,0.0,0.5,0.0,3.207908067703245,0.0,0.0,0.0,211.0,0.046136833584804804,1.033385766927137,53.0,13.520408163265307
dev,cloud_confirm,1.0,0.2,2,0.0,0.5,0.0,3.207908067703245,0.0,0.0,0.0,211.0,0.046136833584804804,1.033385766927137,53.0,13.520408163265307
dev,cloud_confirm,1.0,0.3,2,0.0,0.5,0.0,3.207908067703245,0.0,0.0,0.0,211.0,0.046136833584804804,1.033385766927137,0.0,0.0
dev,cloud_confirm,5.0,0.1,2,0.0,0.5,0.0,0.8056550569534302,0.0,0.0,0.0,1047.5,0.22469378934628048,5.0326891657292805,266.0,13.951084775879858
dev,cloud_confirm,5.0,0.15,2,0.0,0.5,0.0,0.8056550569534302,0.0,0.0,0.0,1047.5,0.22469378934628048,5.0326891657292805,266.0,13.951084775879858
dev,cloud_confirm,5.0,0.2,2,0.0,0.5,0.0,0.8056550569534302,0.0,0.0,0.0,1047.5,0.22469378934628048,5.0326891657292805,266.0,13.951084775879858
dev,cloud_confirm,5.0,0.3,2,0.0,0.5,0.0,0.8056550569534302,0.0,0.0,0.0,1047.5,0.22469378934628048,5.0326891657292805,0.0,0.0
dev,cloud_confirm,10.0,0.1,2,0.0,0.5,0.0,0.7035529899597162,0.0,0.0,0.0,2093.0,0.447692386830294,10.027390013265919,531.5,13.784462283697057
dev,cloud_confirm,10.0,0.15,2,0.0,0.5,0.0,0.7035529899597162,0.0,0.0,0.0,2093.0,0.447692386830294,10.027390013265919,531.5,13.784462283697057
dev,cloud_confirm,10.0,0.2,2,0.0,0.5,0.0,0.7035529899597162,0.0,0.0,0.0,2093.0,0.447692386830294,10.027390013265919,531.0,13.771648342128632
dev,cloud_confirm,10.0,0.3,2,0.0,0.5,0.0,0.7035529899597162,0.0,0.0,0.0,2093.0,0.447692386830294,10.027390013265919,0.0,0.0
dev,cloud_confirm,50.0,0.1,2,0.0,0.5,0.0,0.2236050653457635,0.5,0.5,262.82705832157114,10444.5,2.233183717453244,50.01871510728342,2661.5,13.962330066750397
dev,cloud_confirm,50.0,0.15,2,0.0,0.5,0.0,0.2236050653457635,0.5,0.5,262.82705832157114,10444.5,2.233183717453244,50.01871510728342,2660.5,13.957194751185256
dev,cloud_confirm,50.0,0.2,2,0.0,0.5,0.0,0.2236050653457635,0.5,0.5,262.82705832157114,10444.5,2.233183717453244,50.01871510728342,2656.0,13.835856601100003
dev,cloud_confirm,50.0,0.3,2,0.5,0.5,0.0,0.2236050653457635,0.5,0.5,262.82705832157114,10444.5,2.233183717453244,50.01871510728342,0.0,0.0
dev,cloud_confirm_budgeted,1.0,0.1,2,0.5,0.5,0.0,0.0049999999999998,23546.5,208.0,9406.054240753756,211.0,0.046136833584804804,1.033385766927137,53.0,13.520408163265307
dev,cloud_confirm_budgeted,1.0,0.15,2,0.5,0.5,0.0,0.0049999999999998,23546.5,208.0,9406.054240753756,211.0,0.046136833584804804,1.033385766927137,53.0,13.520408163265307
dev,cloud_confirm_budgeted,1.0,0.2,2,0.5,0.5,0.0,0.0049999999999998,23546.5,208.0,9406.054240753756,211.0,0.046136833584804804,1.033385766927137,53.0,13.520408163265307
dev,cloud_confirm_budgeted,1.0,0.3,2,0.5,0.5,0.0,0.0049999999999998,23493.5,208.0,9406.054240753756,211.0,0.046136833584804804,1.033385766927137,0.0,0.0
dev,cloud_confirm_budgeted,5.0,0.1,2,0.5,0.5,0.0,0.0049999999999998,22941.5,207.5,9143.227182432183,1047.5,0.22469378934628048,5.0326891657292805,266.0,13.951084775879858
dev,cloud_confirm_budgeted,5.0,0.15,2,0.5,0.5,0.0,0.0049999999999998,22941.5,207.5,9143.227182432183,1047.5,0.22469378934628048,5.0326891657292805,266.0,13.951084775879858
dev,cloud_confirm_budgeted,5.0,0.2,2,0.5,0.5,0.0,0.0049999999999998,22941.5,207.5,9143.227182432183,1047.5,0.22469378934628048,5.0326891657292805,266.0,13.951084775879858
dev,cloud_confirm_budgeted,5.0,0.3,2,0.5,0.5,0.0,0.0049999999999998,22676.0,207.5,9143.227182432183,1047.5,0.22469378934628048,5.0326891657292805,0.0,0.0
dev,cloud_confirm_budgeted,10.0,0.1,2,0.5,0.5,0.0,0.0049999999999998,22180.0,207.0,9138.617183596452,2093.0,0.447692386830294,10.027390013265919,531.5,13.784462283697057
dev,cloud_confirm_budgeted,10.0,0.15,2,0.5,0.5,0.0,0.0049999999999998,22180.0,207.0,9138.617183596452,2093.0,0.447692386830294,10.027390013265919,531.5,13.784462283697057
dev,cloud_confirm_budgeted,10.0,0.2,2,0.5,0.5,0.0,0.0049999999999998,22179.5,207.0,9138.617183596452,2093.0,0.447692386830294,10.027390013265919,531.0,13.771648342128632
dev,cloud_confirm_budgeted,10.0,0.3,2,0.5,0.5,0.0,0.0049999999999998,21649.0,207.0,9138.617183596452,2093.0,0.447692386830294,10.027390013265919,0.0,0.0
dev,cloud_confirm_budgeted,50.0,0.1,2,0.5,0.5,0.0,0.0049999999999998,16111.5,204.5,9115.567189417792,10444.5,2.233183717453244,50.01871510728342,2661.5,13.962330066750397
dev,cloud_confirm_budgeted,50.0,0.15,2,0.5,0.5,0.0,0.0049999999999998,16110.5,204.5,9115.567189417792,10444.5,2.233183717453244,50.01871510728342,2660.5,13.957194751185256
dev,cloud_confirm_budgeted,50.0,0.2,2,0.5,0.5,0.0,0.0049999999999998,16106.5,204.5,9115.567189417792,10444.5,2.233183717453244,50.01871510728342,2656.0,13.835856601100003
dev,cloud_confirm_budgeted,50.0,0.3,2,0.5,0.5,0.0,0.0049999999999998,13453.0,204.5,9115.567189417792,10444.5,2.233183717453244,50.01871510728342,0.0,0.0
dev,cloud_confirm_fallback,1.0,0.1,2,0.5,0.5,0.0,0.0049999999999998,23546.5,208.0,9406.054240753756,211.0,0.046136833584804804,1.033385766927137,53.0,13.520408163265307
dev,cloud_confirm_fallback,1.0,0.15,2,0.5,0.5,0.0,0.0049999999999998,23546.5,208.0,9406.054240753756,211.0,0.046136833584804804,1.033385766927137,53.0,13.520408163265307
dev,cloud_confirm_fallback,1.0,0.2,2,0.5,0.5,0.0,0.0049999999999998,23546.5,208.0,9406.054240753756,211.0,0.046136833584804804,1.033385766927137,53.0,13.520408163265307
dev,cloud_confirm_fallback,1.0,0.3,2,0.5,0.5,0.0,0.0049999999999998,23493.5,208.0,9406.054240753756,211.0,0.046136833584804804,1.033385766927137,0.0,0.0
dev,cloud_confirm_fallback,5.0,0.1,2,0.5,0.5,0.0,0.0049999999999998,22941.5,207.5,9143.227182432183,1047.5,0.22469378934628048,5.0326891657292805,266.0,13.951084775879858
dev,cloud_confirm_fallback,5.0,0.15,2,0.5,0.5,0.0,0.0049999999999998,22941.5,207.5,9143.227182432183,1047.5,0.22469378934628048,5.0326891657292805,266.0,13.951084775879858
dev,cloud_confirm_fallback,5.0,0.2,2,0.5,0.5,0.0,0.0049999999999998,22941.5,207.5,9143.227182432183,1047.5,0.22469378934628048,5.0326891657292805,266.0,13.951084775879858
dev,cloud_confirm_fallback,5.0,0.3,2,0.5,0.5,0.0,0.0049999999999998,22676.0,207.5,9143.227182432183,1047.5,0.22469378934628048,5.0326891657292805,0.0,0.0
dev,cloud_confirm_fallback,10.0,0.1,2,0.5,0.5,0.0,0.0049999999999998,22180.0,207.0,9138.617183596452,2093.0,0.447692386830294,10.027390013265919,531.5,13.784462283697057
dev,cloud_confirm_fallback,10.0,0.15,2,0.5,0.5,0.0,0.0049999999999998,22180.0,207.0,9138.617183596452,2093.0,0.447692386830294,10.027390013265919,531.5,13.784462283697057
dev,cloud_confirm_fallback,10.0,0.2,2,0.5,0.5,0.0,0.0049999999999998,22179.5,207.0,9138.617183596452,2093.0,0.447692386830294,10.027390013265919,531.0,13.771648342128632
dev,cloud_confirm_fallback,10.0,0.3,2,0.5,0.5,0.0,0.0049999999999998,21649.0,207.0,9138.617183596452,2093.0,0.447692386830294,10.027390013265919,0.0,0.0
dev,cloud_confirm_fallback,50.0,0.1,2,0.5,0.5,0.0,0.0049999999999998,16111.5,204.5,9115.567189417792,10444.5,2.233183717453244,50.01871510728342,2661.5,13.962330066750397
dev,cloud_confirm_fallback,50.0,0.15,2,0.5,0.5,0.0,0.0049999999999998,16110.5,204.5,9115.567189417792,10444.5,2.233183717453244,50.01871510728342,2660.5,13.957194751185256
dev,cloud_confirm_fallback,50.0,0.2,2,0.5,0.5,0.0,0.0049999999999998,16106.5,204.5,9115.567189417792,10444.5,2.233183717453244,50.01871510728342,2656.0,13.835856601100003
dev,cloud_confirm_fallback,50.0,0.3,2,0.5,0.5,0.0,0.0049999999999998,13453.0,204.5,9115.567189417792,10444.5,2.233183717453244,50.01871510728342,0.0,0.0
dev,cloud_unlimited,,0.1,2,0.5,0.5,0.0,0.0289999999999999,5856.0,55.0,1281.751050388012,468639.0,100.0,2239.790903338955,119235.5,13.917901120803103
dev,cloud_unlimited,,0.15,2,0.5,0.5,0.0,0.0289999999999999,5853.5,55.0,1281.751050388012,468639.0,100.0,2239.790903338955,119174.5,13.910921859506425
dev,cloud_unlimited,,0.2,2,0.5,0.5,0.0,0.0289999999999999,5843.5,55.0,1281.751050388012,468639.0,100.0,2239.790903338955,118992.0,13.793994465367623
dev,cloud_unlimited,,0.3,2,0.5,0.5,0.0,0.0289999999999999,1.0,1.0,525.6541166431423,468639.0,100.0,2239.790903338955,0.0,0.0
dev,local_only,,0.1,2,0.5,0.5,0.0,0.0049999999999998,23700.0,208.0,9406.054240753756,0.0,0.0,0.0,0.0,0.0
dev,local_only,,0.15,2,0.5,0.5,0.0,0.0049999999999998,23700.0,208.0,9406.054240753756,0.0,0.0,0.0,0.0,0.0
dev,local_only,,0.2,2,0.5,0.5,0.0,0.0049999999999998,23700.0,208.0,9406.054240753756,0.0,0.0,0.0,0.0,0.0
dev,local_only,,0.3,2,0.5,0.5,0.0,0.0049999999999998,23700.0,208.0,9406.054240753756,0.0,0.0,0.0,0.0,0.0
dev,strong_local,,0.1,2,0.5,0.5,0.0,0.0049999999999998,1.0,1.0,525.6541166431423,0.0,0.0,0.0,0.0,0.0
dev,strong_local,,0.15,2,0.5,0.5,0.0,0.0049999999999998,1.0,1.0,525.6541166431423,0.0,0.0,0.0,0.0,0.0
dev,strong_local,,0.2,2,0.5,0.5,0.0,0.0049999999999998,1.0,1.0,525.6541166431423,0.0,0.0,0.0,0.0,0.0
dev,strong_local,,0.3,2,0.5,0.5,0.0,0.0049999999999998,1.0,1.0,525.6541166431423,0.0,0.0,0.0,0.0,0.0
dev,suspicion,1.0,0.1,2,0.5,0.5,0.0,0.0049999999999998,23663.5,208.0,9406.054240753756,211.0,0.046136833584804804,1.033385766927137,53.0,13.520408163265307
dev,suspicion,1.0,0.15,2,0.5,0.5,0.0,0.0049999999999998,23663.5,208.0,9406.054240753756,211.0,0.046136833584804804,1.033385766927137,53.0,13.520408163265307
dev,suspicion,1.0,0.2,2,0.5,0.5,0.0,0.0049999999999998,23663.5,208.0,9406.054240753756,211.0,0.046136833584804804,1.033385766927137,53.0,13.520408163265307
dev,suspicion,1.0,0.3,2,0.5,0.5,0.0,0.0049999999999998,23643.0,208.0,9406.054240753756,211.0,0.046136833584804804,1.033385766927137,0.0,0.0
dev,suspicion,5.0,0.1,2,0.5,0.5,0.0,0.0049999999999998,23521.5,208.0,9406.054240753756,1048.5,0.22480820346589814,5.035250276193576,266.0,13.937163143918514
dev,suspicion,5.0,0.15,2,0.5,0.5,0.0,0.0049999999999998,23521.5,208.0,9406.054240753756,1048.5,0.22480820346589814,5.035250276193576,266.0,13.937163143918514
dev,suspicion,5.0,0.2,2,0.5,0.5,0.0,0.0049999999999998,23521.5,208.0,9406.054240753756,1048.5,0.22480820346589814,5.035250276193576,266.0,13.937163143918514
dev,suspicion,5.0,0.3,2,0.5,0.5,0.0,0.0049999999999998,23411.0,208.0,9406.054240753756,1048.5,0.22480820346589814,5.035250276193576,0.0,0.0
dev,suspicion,10.0,0.1,2,0.5,0.5,0.0,0.0049999999999998,23341.5,208.0,9406.054240753756,2095.0,0.4479212150695293,10.03251223419451,531.5,13.770526384111118
dev,suspicion,10.0,0.15,2,0.5,0.5,0.0,0.0049999999999998,23341.5,208.0,9406.054240753756,2095.0,0.4479212150695293,10.03251223419451,531.5,13.770526384111118
dev,suspicion,10.0,0.2,2,0.5,0.5,0.0,0.0049999999999998,23341.5,208.0,9406.054240753756,2095.0,0.4479212150695293,10.03251223419451,531.0,13.757725564858688
dev,suspicion,10.0,0.3,2,0.5,0.5,0.0,0.0049999999999998,23131.0,208.0,9406.054240753756,2095.0,0.4479212150695293,10.03251223419451,0.0,0.0
dev,suspicion,50.0,0.1,2,0.5,0.5,0.0,0.0049999999999998,21817.0,207.5,9143.227182432183,10471.5,2.2362728986829215,50.0878650898194,2661.0,13.889286715568968
dev,suspicion,50.0,0.15,2,0.5,0.5,0.0,0.0049999999999998,21817.0,207.5,9143.227182432183,10471.5,2.2362728986829215,50.0878650898194,2660.0,13.884165601214484
dev,suspicion,50.0,0.2,2,0.5,0.5,0.0,0.0049999999999998,21816.0,207.5,9143.227182432183,10471.5,2.2362728986829215,50.0878650898194,2655.5,13.762870054761205
dev,suspicion,50.0,0.3,2,0.5,0.5,0.0,0.0049999999999998,20580.0,207.5,9143.227182432183,10471.5,2.2362728986829215,50.0878650898194,0.0,0.0
test,cloud_confirm,1.0,0.1,2,0.0,0.5,0.0,0.7257600631713865,0.0,0.0,0.0,33.5,0.04659259811728615,1.0438366067660472,0.0,0.0
test,cloud_confirm,1.0,0.15,2,0.0,0.5,0.0,0.7257600631713865,0.0,0.0,0.0,33.5,0.04659259811728615,1.0438366067660472,0.0,0.0
test,cloud_confirm,1.0,0.2,2,0.0,0.5,0.0,0.7257600631713865,0.0,0.0,0.0,33.5,0.04659259811728615,1.0438366067660472,0.0,0.0
test,cloud_confirm,1.0,0.3,2,0.0,0.5,0.0,0.7257600631713865,0.0,0.0,0.0,33.5,0.04659259811728615,1.0438366067660472,0.0,0.0
test,cloud_confirm,5.0,0.1,2,0.0,0.5,0.0,0.1298090343475335,0.0,0.0,0.0,163.0,0.22536246681937275,5.048908265301858,0.5,0.20833333333333334
test,cloud_confirm,5.0,0.15,2,0.5,0.5,0.0,0.1298090343475335,0.0,0.0,0.0,163.0,0.22536246681937275,5.048908265301858,0.5,0.20833333333333334
test,cloud_confirm,5.0,0.2,2,0.5,0.5,0.0,0.1298090343475335,0.0,0.0,0.0,163.0,0.22536246681937275,5.048908265301858,0.5,0.20833333333333334
test,cloud_confirm,5.0,0.3,2,0.5,0.5,0.0,0.1298090343475335,0.0,0.0,0.0,163.0,0.22536246681937275,5.048908265301858,0.0,0.0
test,cloud_confirm,10.0,0.1,2,0.0,0.5,0.0,0.1298090343475335,0.5,0.5,414.21854122926516,325.0,0.4489416917645802,10.057866707796038,0.5,0.104384133611691
test,cloud_confirm,10.0,0.15,2,0.5,0.5,0.0,0.1298090343475335,0.5,0.5,414.21854122926516,325.0,0.4489416917645802,10.057866707796038,0.5,0.104384133611691
test,cloud_confirm,10.0,0.2,2,0.5,0.5,0.0,0.1298090343475335,0.5,0.5,414.21854122926516,325.0,0.4489416917645802,10.057866707796038,0.5,0.104384133611691
test,cloud_confirm,10.0,0.3,2,0.5,0.5,0.0,0.1298090343475335,0.5,0.5,414.21854122926516,325.0,0.4489416917645802,10.057866707796038,0.0,0.0
test,cloud_confirm,50.0,0.1,2,0.5,0.5,0.0,0.0309999999999996,1.0,1.0,828.4370824585303,1535.5,2.0125932530818913,45.08942116553895,4.0,0.1672940192388122
test,cloud_confirm,50.0,0.15,2,0.5,0.5,0.0,0.0309999999999996,1.0,1.0,828.4370824585303,1535.5,2.0125932530818913,45.08942116553895,4.0,0.1672940192388122
test,cloud_confirm,50.0,0.2,2,0.5,0.5,0.0,0.0309999999999996,1.0,1.0,828.4370824585303,1535.5,2.0125932530818913,45.08942116553895,3.0,0.12547051442910914
test,cloud_confirm,50.0,0.3,2,0.5,0.5,0.0,0.0309999999999996,1.0,1.0,828.4370824585303,1535.5,2.0125932530818913,45.08942116553895,0.0,0.0
test,cloud_confirm_budgeted,1.0,0.1,2,0.5,0.5,0.0,0.0049999999999998,2592.5,32.0,8437.659136706186,33.5,0.04659259811728615,1.0438366067660472,0.0,0.0
test,cloud_confirm_budgeted,1.0,0.15,2,0.5,0.5,0.0,0.0049999999999998,2592.5,32.0,8437.659136706186,33.5,0.04659259811728615,1.0438366067660472,0.0,0.0
test,cloud_confirm_budgeted,1.0,0.2,2,0.5,0.5,0.0,0.0049999999999998,2592.5,32.0,8437.659136706186,33.5,0.04659259811728615,1.0438366067660472,0.0,0.0
test,cloud_confirm_budgeted,1.0,0.3,2,0.5,0.5,0.0,0.0049999999999998,2592.5,32.0,8437.659136706186,33.5,0.04659259811728615,1.0438366067660472,0.0,0.0
test,cloud_confirm_budgeted,5.0,0.1,2,0.5,0.5,0.0,0.0049999999999998,2488.0,32.0,8437.659136706186,163.0,0.22536246681937275,5.048908265301858,0.5,0.20833333333333334
test,cloud_confirm_budgeted,5.0,0.15,2,0.5,0.5,0.0,0.0049999999999998,2488.0,32.0,8437.659136706186,163.0,0.22536246681937275,5.048908265301858,0.5,0.20833333333333334
test,cloud_confirm_budgeted,5.0,0.2,2,0.5,0.5,0.0,0.0049999999999998,2488.0,32.0,8437.659136706186,163.0,0.22536246681937275,5.048908265301858,0.5,0.20833333333333334
test,cloud_confirm_budgeted,5.0,0.3,2,0.5,0.5,0.0,0.0049999999999998,2487.5,32.0,8437.659136706186,163.0,0.22536246681937275,5.048908265301858,0.0,0.0
test,cloud_confirm_budgeted,10.0,0.1,2,0.5,0.5,0.0,0.0049999999999998,2358.0,30.0,6780.784971789128,325.0,0.4489416917645802,10.057866707796038,0.5,0.104384133611691
test,cloud_confirm_budgeted,10.0,0.15,2,0.5,0.5,0.0,0.0049999999999998,2358.0,30.0,6780.784971789128,325.0,0.4489416917645802,10.057866707796038,0.5,0.104384133611691
test,cloud_confirm_budgeted,10.0,0.2,2,0.5,0.5,0.0,0.0049999999999998,2358.0,30.0,6780.784971789128,325.0,0.4489416917645802,10.057866707796038,0.5,0.104384133611691
test,cloud_confirm_budgeted,10.0,0.3,2,0.5,0.5,0.0,0.0049999999999998,2357.5,30.0,6780.784971789128,325.0,0.4489416917645802,10.057866707796038,0.0,0.0
test,cloud_confirm_budgeted,50.0,0.1,2,0.5,0.5,0.0,0.0309999999999996,1396.5,29.5,6743.073253517504,1535.5,2.0125932530818913,45.08942116553895,4.0,0.1672940192388122
test,cloud_confirm_budgeted,50.0,0.15,2,0.5,0.5,0.0,0.0309999999999996,1396.5,29.5,6743.073253517504,1535.5,2.0125932530818913,45.08942116553895,4.0,0.1672940192388122
test,cloud_confirm_budgeted,50.0,0.2,2,0.5,0.5,0.0,0.0309999999999996,1395.5,29.5,6743.073253517504,1535.5,2.0125932530818913,45.08942116553895,3.0,0.12547051442910914
test,cloud_confirm_budgeted,50.0,0.3,2,0.5,0.5,0.0,0.0309999999999996,1392.5,29.5,6743.073253517504,1535.5,2.0125932530818913,45.08942116553895,0.0,0.0
test,cloud_confirm_fallback,1.0,0.1,2,0.5,0.5,0.0,0.0049999999999998,2592.5,32.0,8437.659136706186,33.5,0.04659259811728615,1.0438366067660472,0.0,0.0
test,cloud_confirm_fallback,1.0,0.15,2,0.5,0.5,0.0,0.0049999999999998,2592.5,32.0,8437.659136706186,33.5,0.04659259811728615,1.0438366067660472,0.0,0.0
test,cloud_confirm_fallback,1.0,0.2,2,0.5,0.5,0.0,0.0049999999999998,2592.5,32.0,8437.659136706186,33.5,0.04659259811728615,1.0438366067660472,0.0,0.0
test,cloud_confirm_fallback,1.0,0.3,2,0.5,0.5,0.0,0.0049999999999998,2592.5,32.0,8437.659136706186,33.5,0.04659259811728615,1.0438366067660472,0.0,0.0
test,cloud_confirm_fallback,5.0,0.1,2,0.5,0.5,0.0,0.0049999999999998,2488.0,32.0,8437.659136706186,163.0,0.22536246681937275,5.048908265301858,0.5,0.20833333333333334
test,cloud_confirm_fallback,5.0,0.15,2,0.5,0.5,0.0,0.0049999999999998,2488.0,32.0,8437.659136706186,163.0,0.22536246681937275,5.048908265301858,0.5,0.20833333333333334
test,cloud_confirm_fallback,5.0,0.2,2,0.5,0.5,0.0,0.0049999999999998,2488.0,32.0,8437.659136706186,163.0,0.22536246681937275,5.048908265301858,0.5,0.20833333333333334
test,cloud_confirm_fallback,5.0,0.3,2,0.5,0.5,0.0,0.0049999999999998,2487.5,32.0,8437.659136706186,163.0,0.22536246681937275,5.048908265301858,0.0,0.0
test,cloud_confirm_fallback,10.0,0.1,2,0.5,0.5,0.0,0.0049999999999998,2358.0,30.0,6780.784971789128,325.0,0.4489416917645802,10.057866707796038,0.5,0.104384133611691
test,cloud_confirm_fallback,10.0,0.15,2,0.5,0.5,0.0,0.0049999999999998,2358.0,30.0,6780.784971789128,325.0,0.4489416917645802,10.057866707796038,0.5,0.104384133611691
test,cloud_confirm_fallback,10.0,0.2,2,0.5,0.5,0.0,0.0049999999999998,2358.0,30.0,6780.784971789128,325.0,0.4489416917645802,10.057866707796038,0.5,0.104384133611691
test,cloud_confirm_fallback,10.0,0.3,2,0.5,0.5,0.0,0.0049999999999998,2357.5,30.0,6780.784971789128,325.0,0.4489416917645802,10.057866707796038,0.0,0.0
test,cloud_confirm_fallback,50.0,0.1,2,0.5,0.5,0.0,0.0309999999999996,1396.5,29.5,6743.073253517504,1535.5,2.0125932530818913,45.08942116553895,4.0,0.1672940192388122
test,cloud_confirm_fallback,50.0,0.15,2,0.5,0.5,0.0,0.0309999999999996,1396.5,29.5,6743.073253517504,1535.5,2.0125932530818913,45.08942116553895,4.0,0.1672940192388122
test,cloud_confirm_fallback,50.0,0.2,2,0.5,0.5,0.0,0.0309999999999996,1395.5,29.5,6743.073253517504,1535.5,2.0125932530818913,45.08942116553895,3.0,0.12547051442910914
test,cloud_confirm_fallback,50.0,0.3,2,0.5,0.5,0.0,0.0309999999999996,1392.5,29.5,6743.073253517504,1535.5,2.0125932530818913,45.08942116553895,0.0,0.0
test,cloud_unlimited,,0.1,2,0.5,0.5,0.0,0.0309999999999996,10.5,1.5,866.1488007301542,72471.0,100.0,2240.350619152532,191.5,0.1790740515621055
test,cloud_unlimited,,0.15,2,0.5,0.5,0.0,0.0309999999999996,10.5,1.5,866.1488007301542,72471.0,100.0,2240.350619152532,191.5,0.1790740515621055
test,cloud_unlimited,,0.2,2,0.5,0.5,0.0,0.0309999999999996,7.0,1.5,866.1488007301542,72471.0,100.0,2240.350619152532,125.5,0.1173566238696827
test,cloud_unlimited,,0.3,2,0.5,0.5,0.0,0.0309999999999996,1.0,1.0,828.4370824585303,72471.0,100.0,2240.350619152532,0.0,0.0
test,local_only,,0.1,2,0.5,0.5,0.0,0.0049999999999998,2620.0,32.0,8437.659136706186,0.0,0.0,0.0,0.0,0.0
test,local_only,,0.15,2,0.5,0.5,0.0,0.0049999999999998,2620.0,32.0,8437.659136706186,0.0,0.0,0.0,0.0,0.0
test,local_only,,0.2,2,0.5,0.5,0.0,0.0049999999999998,2620.0,32.0,8437.659136706186,0.0,0.0,0.0,0.0,0.0
test,local_only,,0.3,2,0.5,0.5,0.0,0.0049999999999998,2620.0,32.0,8437.659136706186,0.0,0.0,0.0,0.0,0.0
test,strong_local,,0.1,2,0.5,0.5,0.0,0.0049999999999998,1.0,1.0,828.4370824585303,0.0,0.0,0.0,0.0,0.0
test,strong_local,,0.15,2,0.5,0.5,0.0,0.0049999999999998,1.0,1.0,828.4370824585303,0.0,0.0,0.0,0.0,0.0
test,strong_local,,0.2,2,0.5,0.5,0.0,0.0049999999999998,1.0,1.0,828.4370824585303,0.0,0.0,0.0,0.0,0.0
test,strong_local,,0.3,2,0.5,0.5,0.0,0.0049999999999998,1.0,1.0,828.4370824585303,0.0,0.0,0.0,0.0,0.0
test,suspicion,1.0,0.1,2,0.5,0.5,0.0,0.0049999999999998,2618.5,32.0,8437.659136706186,33.5,0.04659259811728615,1.0438366067660472,0.0,0.0
test,suspicion,1.0,0.15,2,0.5,0.5,0.0,0.0049999999999998,2618.5,32.0,8437.659136706186,33.5,0.04659259811728615,1.0438366067660472,0.0,0.0
test,suspicion,1.0,0.2,2,0.5,0.5,0.0,0.0049999999999998,2618.5,32.0,8437.659136706186,33.5,0.04659259811728615,1.0438366067660472,0.0,0.0
test,suspicion,1.0,0.3,2,0.5,0.5,0.0,0.0049999999999998,2618.5,32.0,8437.659136706186,33.5,0.04659259811728615,1.0438366067660472,0.0,0.0
test,suspicion,5.0,0.1,2,0.5,0.5,0.0,0.0049999999999998,2612.0,32.0,8437.659136706186,163.0,0.22536246681937275,5.048908265301858,0.5,0.20833333333333334
test,suspicion,5.0,0.15,2,0.5,0.5,0.0,0.0049999999999998,2612.0,32.0,8437.659136706186,163.0,0.22536246681937275,5.048908265301858,0.5,0.20833333333333334
test,suspicion,5.0,0.2,2,0.5,0.5,0.0,0.0049999999999998,2612.0,32.0,8437.659136706186,163.0,0.22536246681937275,5.048908265301858,0.5,0.20833333333333334
test,suspicion,5.0,0.3,2,0.5,0.5,0.0,0.0049999999999998,2612.0,32.0,8437.659136706186,163.0,0.22536246681937275,5.048908265301858,0.0,0.0
test,suspicion,10.0,0.1,2,0.5,0.5,0.0,0.0049999999999998,2605.0,32.0,8437.659136706186,325.0,0.4489416917645802,10.057866707796038,0.5,0.104384133611691
test,suspicion,10.0,0.15,2,0.5,0.5,0.0,0.0049999999999998,2605.0,32.0,8437.659136706186,325.0,0.4489416917645802,10.057866707796038,0.5,0.104384133611691
test,suspicion,10.0,0.2,2,0.5,0.5,0.0,0.0049999999999998,2605.0,32.0,8437.659136706186,325.0,0.4489416917645802,10.057866707796038,0.5,0.104384133611691
test,suspicion,10.0,0.3,2,0.5,0.5,0.0,0.0049999999999998,2605.0,32.0,8437.659136706186,325.0,0.4489416917645802,10.057866707796038,0.0,0.0
test,suspicion,50.0,0.1,2,0.5,0.5,0.0,0.0189219760894774,2547.5,32.0,8437.659136706186,1621.5,2.238891176930008,50.159008593259486,4.0,0.1672940192388122
test,suspicion,50.0,0.15,2,0.5,0.5,0.0,0.0189219760894774,2547.5,32.0,8437.659136706186,1621.5,2.238891176930008,50.159008593259486,4.0,0.1672940192388122
test,suspicion,50.0,0.2,2,0.5,0.5,0.0,0.0189219760894774,2547.5,32.0,8437.659136706186,1621.5,2.238891176930008,50.159008593259486,2.5,0.1045587620242576
test,suspicion,50.0,0.3,2,0.5,0.5,0.0,0.0189219760894774,2547.5,32.0,8437.659136706186,1621.5,2.238891176930008,50.159008593259486,0.0,0.0
