budget_%,policy,requests,request_rate_%,timely_detections,eventual_detections
1.0,combined,6831.5,0.7288659287852697,1.0,1.0
1.0,periodic,4186.9,0.44670844722696995,1.0,1.0
1.0,random,9369.5,0.9996500504652835,1.0,1.0
1.0,suspicion,9376.0,1.0003435480188374,1.0,1.0
5.0,combined,33585.9,3.5833445359861216,1.0,1.0
5.0,periodic,20934.2,2.2335102285554553,1.0,1.0
5.0,random,46794.4,4.992584910773537,1.0,1.0
5.0,suspicion,46866.0,5.000224053055764,1.0,1.0
10.0,combined,66622.0,7.108029848134705,1.0,1.0
10.0,periodic,41868.299999999996,4.467009787917778,1.0,1.0
10.0,random,93587.1,9.984988445263838,1.0,1.0
10.0,suspicion,108774.0,11.605308136966833,1.0,1.0
