Split,Budget,Attacks,L1 DetRate,L1 Delay(s),L1 FA/hr,L2 DetRate,L2 Delay(s),L2 FA/hr,Requests
dev,1.0,1,100%,0.005,"3,568",0%,3.208,0,422
dev,5.0,1,100%,0.005,"3,568",0%,0.806,0,"2,095"
dev,10.0,1,100%,0.005,"3,568",0%,0.704,0,"4,186"
dev,50.0,1,100%,0.005,"3,568",0%,0.224,0,"20,889"
dev,unlimited,1,100%,0.005,"3,568",100%,0.029,0,"49,539"
test,1.0,1,100%,0.005,"3,620",0%,0.726,0,67
test,5.0,1,100%,0.005,"3,620",100%,0.130,0,326
test,10.0,1,100%,0.005,"3,620",100%,0.130,0,650
test,50.0,1,100%,0.005,"3,620",100%,0.031,0,"3,071"
test,unlimited,1,100%,0.005,"3,620",100%,0.031,0,"6,503"
