split,budget,deadline_s,total_requests,n_messages,attack_episodes,level1_local_timely,level1_local_delay,level1_local_false_per_hr,level2_cloud_timely,level2_cloud_delay,level2_cloud_false_per_hr
dev,1.0,0.15,211.0,468639.0,0.5,0.5,0.004999999999999893,9406.054240753754,0.0,3.2079080677032454,0.0
dev,1.0,0.3,211.0,468639.0,0.5,0.5,0.004999999999999893,9406.054240753754,0.0,3.2079080677032454,0.0
dev,5.0,0.15,1047.5,468639.0,0.5,0.5,0.004999999999999893,9406.054240753754,0.0,0.8056550569534302,0.0
dev,5.0,0.3,1047.5,468639.0,0.5,0.5,0.004999999999999893,9406.054240753754,0.0,0.8056550569534302,0.0
dev,10.0,0.15,2093.0,468639.0,0.5,0.5,0.004999999999999893,9406.054240753754,0.0,0.7035529899597162,0.0
dev,10.0,0.3,2093.0,468639.0,0.5,0.5,0.004999999999999893,9406.054240753754,0.0,0.7035529899597162,0.0
dev,50.0,0.15,10444.5,468639.0,0.5,0.5,0.004999999999999893,9406.054240753754,0.0,0.22360506534576352,262.82705832157114
dev,50.0,0.3,10444.5,468639.0,0.5,0.5,0.004999999999999893,9406.054240753754,0.5,0.22360506534576352,262.82705832157114
dev,unlimited,0.15,24769.5,468639.0,0.5,0.5,0.004999999999999893,9406.054240753754,0.5,0.028999999999999915,525.6541166431423
dev,unlimited,0.3,24769.5,468639.0,0.5,0.5,0.004999999999999893,9406.054240753754,0.5,0.028999999999999915,525.6541166431423
test,1.0,0.15,33.5,72471.0,0.5,0.5,0.004999999999999893,8437.659136706188,0.0,0.7257600631713865,0.0
test,1.0,0.3,33.5,72471.0,0.5,0.5,0.004999999999999893,8437.659136706188,0.0,0.7257600631713865,0.0
test,5.0,0.15,163.0,72471.0,0.5,0.5,0.004999999999999893,8437.659136706188,0.5,0.12980903434753355,0.0
test,5.0,0.3,163.0,72471.0,0.5,0.5,0.004999999999999893,8437.659136706188,0.5,0.12980903434753355,0.0
test,10.0,0.15,325.0,72471.0,0.5,0.5,0.004999999999999893,8437.659136706188,0.5,0.12980903434753355,414.21854122926516
test,10.0,0.3,325.0,72471.0,0.5,0.5,0.004999999999999893,8437.659136706188,0.5,0.12980903434753355,414.21854122926516
test,50.0,0.15,1535.5,72471.0,0.5,0.5,0.004999999999999893,8437.659136706188,0.5,0.030999999999999694,828.4370824585303
test,50.0,0.3,1535.5,72471.0,0.5,0.5,0.004999999999999893,8437.659136706188,0.5,0.030999999999999694,828.4370824585303
test,unlimited,0.15,3251.5,72471.0,0.5,0.5,0.004999999999999893,8437.659136706188,0.5,0.030999999999999694,828.4370824585303
test,unlimited,0.3,3251.5,72471.0,0.5,0.5,0.004999999999999893,8437.659136706188,0.5,0.030999999999999694,828.4370824585303
