split,budget,deadline_s,attack_episodes,n_attack_recordings,n_normal_recordings,level1_local_detect_rate,level1_local_timely,level1_local_delay,level1_local_false_per_hr,level2_cloud_detect_rate,level2_cloud_timely,level2_cloud_delay,level2_cloud_false_per_hr,total_requests
dev,1.0,0.15,1,1,1,1.0,1,0.0049999999999998,3568.139098856383,0.0,0,3.207908067703245,0.0,422
dev,1.0,0.3,1,1,1,1.0,1,0.0049999999999998,3568.139098856383,0.0,0,3.207908067703245,0.0,422
dev,5.0,0.15,1,1,1,1.0,1,0.0049999999999998,3568.139098856383,0.0,0,0.8056550569534302,0.0,2095
dev,5.0,0.3,1,1,1,1.0,1,0.0049999999999998,3568.139098856383,0.0,0,0.8056550569534302,0.0,2095
dev,10.0,0.15,1,1,1,1.0,1,0.0049999999999998,3568.139098856383,0.0,0,0.7035529899597162,0.0,4186
dev,10.0,0.3,1,1,1,1.0,1,0.0049999999999998,3568.139098856383,0.0,0,0.7035529899597162,0.0,4186
dev,50.0,0.15,1,1,1,1.0,1,0.0049999999999998,3568.139098856383,0.0,0,0.2236050653457635,0.0,20889
dev,50.0,0.3,1,1,1,1.0,1,0.0049999999999998,3568.139098856383,1.0,1,0.2236050653457635,0.0,20889
dev,unlimited,0.15,1,1,1,1.0,1,0.0049999999999998,3568.139098856383,1.0,1,0.0289999999999999,0.0,49539
dev,unlimited,0.3,1,1,1,1.0,1,0.0049999999999998,3568.139098856383,1.0,1,0.0289999999999999,0.0,49539
test,1.0,0.15,1,1,1,1.0,1,0.0049999999999998,3620.324954075891,0.0,0,0.7257600631713865,0.0,67
test,1.0,0.3,1,1,1,1.0,1,0.0049999999999998,3620.324954075891,0.0,0,0.7257600631713865,0.0,67
test,5.0,0.15,1,1,1,1.0,1,0.0049999999999998,3620.324954075891,1.0,1,0.1298090343475335,0.0,326
test,5.0,0.3,1,1,1,1.0,1,0.0049999999999998,3620.324954075891,1.0,1,0.1298090343475335,0.0,326
test,10.0,0.15,1,1,1,1.0,1,0.0049999999999998,3620.324954075891,1.0,1,0.1298090343475335,0.0,650
test,10.0,0.3,1,1,1,1.0,1,0.0049999999999998,3620.324954075891,1.0,1,0.1298090343475335,0.0,650
test,50.0,0.15,1,1,1,1.0,1,0.0049999999999998,3620.324954075891,1.0,1,0.0309999999999996,0.0,3071
test,50.0,0.3,1,1,1,1.0,1,0.0049999999999998,3620.324954075891,1.0,1,0.0309999999999996,0.0,3071
test,unlimited,0.15,1,1,1,1.0,1,0.0049999999999998,3620.324954075891,1.0,1,0.0309999999999996,0.0,6503
test,unlimited,0.3,1,1,1,1.0,1,0.0049999999999998,3620.324954075891,1.0,1,0.0309999999999996,0.0,6503
