budget,policy,recording,seed,offset,requests,timely_detections,eventual_detections
0.01,periodic,attack_02,0,0.0,283,1,1
0.01,periodic,attack_02,0,0.010000000000000002,283,1,1
0.01,periodic,attack_02,0,0.020000000000000004,283,1,1
0.01,periodic,attack_02,0,0.030000000000000006,282,1,1
0.01,periodic,attack_02,0,0.04000000000000001,282,1,1
0.01,periodic,attack_02,0,0.05000000000000001,282,1,1
0.01,periodic,attack_02,0,0.06000000000000001,282,1,1
0.01,periodic,attack_02,0,0.07,282,1,1
0.01,periodic,attack_02,0,0.08000000000000002,282,1,1
0.01,periodic,attack_02,0,0.09000000000000001,282,1,1
0.01,random,attack_02,0,0.0,630,1,1
0.01,random,attack_02,1,0.0,679,1,1
0.01,random,attack_02,2,0.0,602,1,1
0.01,random,attack_02,3,0.0,696,1,1
0.01,random,attack_02,4,0.0,656,1,1
0.01,random,attack_02,5,0.0,622,1,1
0.01,random,attack_02,6,0.0,621,1,1
0.01,random,attack_02,7,0.0,650,1,1
0.01,random,attack_02,8,0.0,648,1,1
0.01,random,attack_02,9,0.0,699,1,1
0.01,suspicion,attack_02,0,0.0,2423,1,1
0.01,combined,attack_02,0,0.0,2338,1,1
0.01,combined,attack_02,0,0.020000000000000004,2338,1,1
0.01,combined,attack_02,0,0.04000000000000001,2337,1,1
0.01,combined,attack_02,0,0.06000000000000001,2337,1,1
0.01,combined,attack_02,0,0.08000000000000002,2337,1,1
0.01,combined,attack_02,0,0.10000000000000002,2337,1,1
0.01,combined,attack_02,0,0.12000000000000002,2337,1,1
0.01,combined,attack_02,0,0.14,2337,1,1
0.01,combined,attack_02,0,0.16000000000000003,2337,1,1
0.01,combined,attack_02,0,0.18000000000000002,2337,1,1
0.01,periodic,normal_02,0,0.0,3905,0,0
0.01,periodic,normal_02,0,0.010000000000000002,3905,0,0
0.01,periodic,normal_02,0,0.020000000000000004,3905,0,0
0.01,periodic,normal_02,0,0.030000000000000006,3905,0,0
0.01,periodic,normal_02,0,0.04000000000000001,3905,0,0
0.01,periodic,normal_02,0,0.05000000000000001,3905,0,0
0.01,periodic,normal_02,0,0.06000000000000001,3904,0,0
0.01,periodic,normal_02,0,0.07,3904,0,0
0.01,periodic,normal_02,0,0.08000000000000002,3904,0,0
0.01,periodic,normal_02,0,0.09000000000000001,3904,0,0
0.01,random,normal_02,0,0.0,8779,0,0
0.01,random,normal_02,1,0.0,8737,0,0
0.01,random,normal_02,2,0.0,8763,0,0
0.01,random,normal_02,3,0.0,8710,0,0
0.01,random,normal_02,4,0.0,8755,0,0
0.01,random,normal_02,5,0.0,8780,0,0
0.01,random,normal_02,6,0.0,8529,0,0
0.01,random,normal_02,7,0.0,8775,0,0
0.01,random,normal_02,8,0.0,8536,0,0
0.01,random,normal_02,9,0.0,8828,0,0
0.01,suspicion,normal_02,0,0.0,6953,0,0
0.01,combined,normal_02,0,0.0,4495,0,0
0.01,combined,normal_02,0,0.020000000000000004,4495,0,0
0.01,combined,normal_02,0,0.04000000000000001,4495,0,0
0.01,combined,normal_02,0,0.06000000000000001,4494,0,0
0.01,combined,normal_02,0,0.08000000000000002,4494,0,0
0.01,combined,normal_02,0,0.10000000000000002,4494,0,0
0.01,combined,normal_02,0,0.12000000000000002,4494,0,0
0.01,combined,normal_02,0,0.14,4494,0,0
0.01,combined,normal_02,0,0.16000000000000003,4494,0,0
0.01,combined,normal_02,0,0.18000000000000002,4494,0,0
0.05,periodic,attack_02,0,0.0,1412,1,1
0.05,periodic,attack_02,0,0.002,1412,1,1
0.05,periodic,attack_02,0,0.004,1412,1,1
0.05,periodic,attack_02,0,0.006,1412,1,1
0.05,periodic,attack_02,0,0.008,1411,1,1
0.05,periodic,attack_02,0,0.01,1411,1,1
0.05,periodic,attack_02,0,0.012,1411,1,1
0.05,periodic,attack_02,0,0.014,1411,1,1
0.05,periodic,attack_02,0,0.016,1411,1,1
0.05,periodic,attack_02,0,0.018000000000000002,1411,1,1
0.05,random,attack_02,0,0.0,3187,1,1
0.05,random,attack_02,1,0.0,3211,1,1
0.05,random,attack_02,2,0.0,3172,1,1
0.05,random,attack_02,3,0.0,3122,1,1
0.05,random,attack_02,4,0.0,3159,1,1
0.05,random,attack_02,5,0.0,3137,1,1
0.05,random,attack_02,6,0.0,3231,1,1
0.05,random,attack_02,7,0.0,3112,1,1
0.05,random,attack_02,8,0.0,3202,1,1
0.05,random,attack_02,9,0.0,3205,1,1
0.05,suspicion,attack_02,0,0.0,5212,1,1
0.05,combined,attack_02,0,0.0,4470,1,1
0.05,combined,attack_02,0,0.004,4543,1,1
0.05,combined,attack_02,0,0.008,4523,1,1
0.05,combined,attack_02,0,0.012,4541,1,1
0.05,combined,attack_02,0,0.016,4490,1,1
0.05,combined,attack_02,0,0.02,4474,1,1
0.05,combined,attack_02,0,0.024,4543,1,1
0.05,combined,attack_02,0,0.028,4525,1,1
0.05,combined,attack_02,0,0.032,4540,1,1
0.05,combined,attack_02,0,0.036000000000000004,4484,1,1
0.05,periodic,normal_02,0,0.0,19523,0,0
0.05,periodic,normal_02,0,0.002,19523,0,0
0.05,periodic,normal_02,0,0.004,19523,0,0
0.05,periodic,normal_02,0,0.006,19523,0,0
0.05,periodic,normal_02,0,0.008,19523,0,0
0.05,periodic,normal_02,0,0.01,19523,0,0
0.05,periodic,normal_02,0,0.012,19523,0,0
0.05,periodic,normal_02,0,0.014,19523,0,0
0.05,periodic,normal_02,0,0.016,19522,0,0
0.05,periodic,normal_02,0,0.018000000000000002,19522,0,0
0.05,random,normal_02,0,0.0,43734,0,0
0.05,random,normal_02,1,0.0,43560,0,0
0.05,random,normal_02,2,0.0,43613,0,0
0.05,random,normal_02,3,0.0,43582,0,0
0.05,random,normal_02,4,0.0,43924,0,0
0.05,random,normal_02,5,0.0,43812,0,0
0.05,random,normal_02,6,0.0,43574,0,0
0.05,random,normal_02,7,0.0,43314,0,0
0.05,random,normal_02,8,0.0,43541,0,0
0.05,random,normal_02,9,0.0,43552,0,0
0.05,suspicion,normal_02,0,0.0,41654,0,0
0.05,combined,normal_02,0,0.0,29180,0,0
0.05,combined,normal_02,0,0.004,29359,0,0
0.05,combined,normal_02,0,0.008,28153,0,0
0.05,combined,normal_02,0,0.012,29332,0,0
0.05,combined,normal_02,0,0.016,29358,0,0
0.05,combined,normal_02,0,0.02,29147,0,0
0.05,combined,normal_02,0,0.024,29358,0,0
0.05,combined,normal_02,0,0.028,28152,0,0
0.05,combined,normal_02,0,0.032,29329,0,0
0.05,combined,normal_02,0,0.036000000000000004,29358,0,0
0.1,periodic,attack_02,0,0.0,2823,1,1
0.1,periodic,attack_02,0,0.001,2823,1,1
0.1,periodic,attack_02,0,0.002,2823,1,1
0.1,periodic,attack_02,0,0.003,2823,1,1
0.1,periodic,attack_02,0,0.004,2823,1,1
0.1,periodic,attack_02,0,0.005,2823,1,1
0.1,periodic,attack_02,0,0.006,2823,1,1
0.1,periodic,attack_02,0,0.007,2822,1,1
0.1,periodic,attack_02,0,0.008,2822,1,1
0.1,periodic,attack_02,0,0.009000000000000001,2822,1,1
0.1,random,attack_02,0,0.0,6367,1,1
0.1,random,attack_02,1,0.0,6353,1,1
0.1,random,attack_02,2,0.0,6250,1,1
0.1,random,attack_02,3,0.0,6309,1,1
0.1,random,attack_02,4,0.0,6295,1,1
0.1,random,attack_02,5,0.0,6277,1,1
0.1,random,attack_02,6,0.0,6343,1,1
0.1,random,attack_02,7,0.0,6229,1,1
0.1,random,attack_02,8,0.0,6383,1,1
0.1,random,attack_02,9,0.0,6405,1,1
0.1,suspicion,attack_02,0,0.0,7341,1,1
0.1,combined,attack_02,0,0.0,6481,1,1
0.1,combined,attack_02,0,0.002,6624,1,1
0.1,combined,attack_02,0,0.004,6624,1,1
0.1,combined,attack_02,0,0.006,6617,1,1
0.1,combined,attack_02,0,0.008,6422,1,1
0.1,combined,attack_02,0,0.01,6418,1,1
0.1,combined,attack_02,0,0.012,6619,1,1
0.1,combined,attack_02,0,0.014,6472,1,1
0.1,combined,attack_02,0,0.016,6300,1,1
0.1,combined,attack_02,0,0.018000000000000002,6164,1,1
0.1,periodic,normal_02,0,0.0,39046,0,0
0.1,periodic,normal_02,0,0.001,39046,0,0
0.1,periodic,normal_02,0,0.002,39046,0,0
0.1,periodic,normal_02,0,0.003,39046,0,0
0.1,periodic,normal_02,0,0.004,39046,0,0
0.1,periodic,normal_02,0,0.005,39046,0,0
0.1,periodic,normal_02,0,0.006,39045,0,0
0.1,periodic,normal_02,0,0.007,39045,0,0
0.1,periodic,normal_02,0,0.008,39045,0,0
0.1,periodic,normal_02,0,0.009000000000000001,39045,0,0
0.1,random,normal_02,0,0.0,87317,0,0
0.1,random,normal_02,1,0.0,87259,0,0
0.1,random,normal_02,2,0.0,87164,0,0
0.1,random,normal_02,3,0.0,87085,0,0
0.1,random,normal_02,4,0.0,87600,0,0
0.1,random,normal_02,5,0.0,87538,0,0
0.1,random,normal_02,6,0.0,86852,0,0
0.1,random,normal_02,7,0.0,87055,0,0
0.1,random,normal_02,8,0.0,87324,0,0
0.1,random,normal_02,9,0.0,87466,0,0
0.1,suspicion,normal_02,0,0.0,101433,0,0
0.1,combined,normal_02,0,0.0,58809,0,0
0.1,combined,normal_02,0,0.002,61176,0,0
0.1,combined,normal_02,0,0.004,61177,0,0
0.1,combined,normal_02,0,0.006,60357,0,0
0.1,combined,normal_02,0,0.008,57706,0,0
0.1,combined,normal_02,0,0.01,58472,0,0
0.1,combined,normal_02,0,0.012,61106,0,0
0.1,combined,normal_02,0,0.014,60579,0,0
0.1,combined,normal_02,0,0.016,61176,0,0
0.1,combined,normal_02,0,0.018000000000000002,60921,0,0
